Workbook

Sheet Results
A1: Student ID | B1: Assessment Type | C1: Score (1-100) | D1: Feedback Comment | E1: SILO's | F1: Weight | G1: Weighted Score
A2: STU0001 | B2: CSE1OOF - Test | C2: 54 | D2: This developing result meets the core requirements but needs greater consistency of the relevant learning themes, particularly analysis/design/implementation compared with object-oriented modelling using objects that combine data structure and behaviour and abstract data types and encapsulation to localise and minimise change. Future work should focus on consolidating the underlying concepts, applying them more consistently and explaining design or implementation decisions with stronger evidence. | E2: SILO1: analysis/design/implementation compared with object-oriented modelling using objects that combine data structure and behaviour; SILO2: abstract data types and encapsulation to localise and minimise change | F2: 0.15 | G2: =C2*F2 -> 8.1
A3: STU0001 | B3: CSE1OOF - Practical demonstration | C3: 49 | D3: This limited result shows gaps that require targeted revision of the relevant learning themes, particularly abstract data types and encapsulation to localise and minimise change, code sharing and reuse through object-oriented techniques to reduce development time, and object-oriented design and implementation of computer programs for real-life problems. The student should revisit the core concepts, seek feedback early and practise applying the techniques in smaller, well-tested examples before attempting the full assessment task. | E3: SILO2: abstract data types and encapsulation to localise and minimise change; SILO3: code sharing and reuse through object-oriented techniques to reduce development time; SILO4: object-oriented design and implementation of computer programs for real-life problems | F3: 0.2 | G3: =C3*F3 -> 9.8
A4: STU0001 | B4: CSE1OOF - Assignment | C4: 51 | D4: This developing result meets the core requirements but needs greater consistency of the relevant learning themes, particularly abstract data types and encapsulation to localise and minimise change, code sharing and reuse through object-oriented techniques to reduce development time, and object-oriented design and implementation of computer programs for real-life problems. Future work should focus on consolidating the underlying concepts, applying them more consistently and explaining design or implementation decisions with stronger evidence. | E4: SILO2: abstract data types and encapsulation to localise and minimise change; SILO3: code sharing and reuse through object-oriented techniques to reduce development time; SILO4: object-oriented design and implementation of computer programs for real-life problems | F4: 0.25 | G4: =C4*F4 -> 12.75
A5: STU0001 | B5: CSE1OOF - Central examination | C5: 50 | D5: This developing result meets the core requirements but needs greater consistency of the relevant learning themes, particularly abstract data types and encapsulation to localise and minimise change, object-oriented design and implementation of computer programs for real-life problems, code sharing and reuse through object-oriented techniques to reduce development time, and analysis/design/implementation compared with object-oriented modelling using objects that combine data structure and behaviour. Future work should focus on consolidating the underlying concepts, applying them more consistently and explaining design or implementation decisions with stronger evidence. | E5: SILO2: abstract data types and encapsulation to localise and minimise change; SILO4: object-oriented design and implementation of computer programs for real-life problems; SILO3: code sharing and reuse through object-oriented techniques to reduce development time; SILO1: analysis/design/implementation compared with object-oriented modelling using objects that combine data structure and behaviour | F5: 0.4 | G5: =C5*F5 -> 20
A6: STU0001 | B6: CSE2ALG - Test | C6: 53 | D6: This developing result meets the core requirements but needs greater consistency of the relevant learning themes, particularly overall objectives of Algorithms and Data Structures, identifying data structures and searching and sorting algorithms in computing contexts, and implementing data structures and searching and sorting algorithms in Java. Future work should focus on consolidating the underlying concepts, applying them more consistently and explaining design or implementation decisions with stronger evidence. | E6: SILO1: overall objectives of Algorithms and Data Structures; SILO2: identifying data structures and searching and sorting algorithms in computing contexts; SILO3: implementing data structures and searching and sorting algorithms in Java | F6: 0.2 | G6: =C6*F6 -> 10.6
A7: STU0001 | B7: CSE2ALG - Assignment | C7: 54 | D7: This developing result meets the core requirements but needs greater consistency of the relevant learning themes, particularly identifying data structures and searching and sorting algorithms in computing contexts, implementing data structures and searching and sorting algorithms in Java, comparing algorithms and data structures and applying suitable choices to problems, and designing, implementing, and evaluating Java solutions using appropriate performance measures. Future work should focus on consolidating the underlying concepts, applying them more consistently and explaining design or implementation decisions with stronger evidence. | E7: SILO2: identifying data structures and searching and sorting algorithms in computing contexts; SILO3: implementing data structures and searching and sorting algorithms in Java; SILO4: comparing algorithms and data structures and applying suitable choices to problems; SILO5: designing, implementing, and evaluating Java solutions using appropriate performance measures | F7: 0.3 | G7: =C7*F7 -> 16.2
A8: STU0001 | B8: CSE2ALG - Central examination | C8: 48 | D8: This limited result shows gaps that require targeted revision of the relevant learning themes, particularly overall objectives of Algorithms and Data Structures, identifying data structures and searching and sorting algorithms in computing contexts, implementing data structures and searching and sorting algorithms in Java, and designing, implementing, and evaluating Java solutions using appropriate performance measures. The student should revisit the core concepts, seek feedback early and practise applying the techniques in smaller, well-tested examples before attempting the full assessment task. | E8: SILO1: overall objectives of Algorithms and Data Structures; SILO2: identifying data structures and searching and sorting algorithms in computing contexts; SILO3: implementing data structures and searching and sorting algorithms in Java; SILO5: designing, implementing, and evaluating Java solutions using appropriate performance measures | F8: 0.5 | G8: =C8*F8 -> 24
A9: STU0001 | B9: CSE3CAP - Oral presentation: Project Milestone Presentation | C9: 50 | D9: This developing result meets the core requirements but needs greater consistency of the relevant learning themes, particularly reporting project outcomes to technical and non-technical audiences and reflecting on feedback. Future work should focus on consolidating the underlying concepts, applying them more consistently and explaining design or implementation decisions with stronger evidence. | E9: SILO3: reporting project outcomes to technical and non-technical audiences and reflecting on feedback | F9: 0.1 | G9: =C9*F9 -> 5
A10: STU0001 | B10: CSE3CAP - Oral presentation: Final Project Presentation | C10: 49 | D10: This limited result shows gaps that require targeted revision of the relevant learning themes, particularly reporting project outcomes to technical and non-technical audiences and reflecting on feedback. The student should revisit the core concepts, seek feedback early and practise applying the techniques in smaller, well-tested examples before attempting the full assessment task. | E10: SILO3: reporting project outcomes to technical and non-technical audiences and reflecting on feedback | F10: 0.2 | G10: =C10*F10 -> 9.8
A11: STU0001 | B11: CSE3CAP - Assignment: Final written Project Report | C11: 50 | D11: This developing result meets the core requirements but needs greater consistency of the relevant learning themes, particularly industry standard technical solutions in software or cybersecurity practice and professional system documentation and advanced technical reporting to industry standards. Future work should focus on consolidating the underlying concepts, applying them more consistently and explaining design or implementation decisions with stronger evidence. | E11: SILO2: industry standard technical solutions in software or cybersecurity practice; SILO4: professional system documentation and advanced technical reporting to industry standards | F11: 0.35 | G11: =C11*F11 -> 17.5
A12: STU0001 | B12: CSE3CAP - Assignment: Sprint Project management reports | C12: 46 | D12: This limited result shows gaps that require targeted revision of the relevant learning themes, particularly advanced project management during substantive development implementation and industry standard technical solutions in software or cybersecurity practice. The student should revisit the core concepts, seek feedback early and practise applying the techniques in smaller, well-tested examples before attempting the full assessment task. | E12: SILO1: advanced project management during substantive development implementation; SILO2: industry standard technical solutions in software or cybersecurity practice | F12: 0.35 | G12: =C12*F12 -> 16.1
A13: STU0002 | B13: CSE1OOF - Test | C13: 69 | D13: This sound result shows a competent and generally reliable grasp of the relevant learning themes, particularly analysis/design/implementation compared with object-oriented modelling using objects that combine data structure and behaviour and abstract data types and encapsulation to localise and minimise change. To strengthen the result, the student should provide clearer reasoning, improve technical precision and show more complete testing or reflection. | E13: SILO1: analysis/design/implementation compared with object-oriented modelling using objects that combine data structure and behaviour; SILO2: abstract data types and encapsulation to localise and minimise change | F13: 0.15 | G13: =C13*F13 -> 10.35
... A1651: STU0150 | B1651: CSE3CAP - Assignment: Sprint Project management reports | C1651: 85 | D1651: This excellent result demonstrates confident and independent command of the relevant learning themes, particularly advanced project management during substantive development implementation and industry standard technical solutions in software or cybersecurity practice. The work is clear, accurate and well justified, with only minor opportunities to further polish explanation or evaluation. | E1651: SILO1: advanced project management during substantive development implementation; SILO2: industry standard technical solutions in software or cybersecurity practice | F1651: 0.35 | G1651: =C1651*F1651 -> 29.75

Sheet Student Summary
A1: Student ID | B1: CSE1OOF Total | C1: CSE2ALG Total | D1: CSE3CAP Total | E1: Average Total | F1: Performance Band
A2: STU0001 | B2: =SUM(Results!G2:G5) -> 50.65 | C2: =SUM(Results!G6:G8) -> 50.8 | D2: =SUM(Results!G9:G12) -> 48.4 | E2: =AVERAGE(B2:D2) -> 49.95 | F2: =IF(E2>=80,"HD/D range",IF(E2>=70,"D range",IF(E2>=60,"C range",IF(E2>=50,"P range","At risk")))) -> At risk
A3: STU0002 | B3: =SUM(Results!G13:G16) -> 71.2 | C3: =SUM(Results!G17:G19) -> 71 | D3: =SUM(Results!G20:G23) -> 65.7 | E3: =AVERAGE(B3:D3) -> 69.3 | F3: =IF(E3>=80,"HD/D range",IF(E3>=70,"D range",IF(E3>=60,"C range",IF(E3>=50,"P range","At risk")))) -> C range
A4: STU0003 | B4: =SUM(Results!G24:G27) -> 62.65 | C4: =SUM(Results!G28:G30) -> 64.1 | D4: =SUM(Results!G31:G34) -> 65.4 | E4: =AVERAGE(B4:D4) -> 64.05 | F4: =IF(E4>=80,"HD/D range",IF(E4>=70,"D range",IF(E4>=60,"C range",IF(E4>=50,"P range","At risk")))) -> C range
A5: STU0004 | B5: =SUM(Results!G35:G38) -> 52.6 | C5: =SUM(Results!G39:G41) -> 48 | D5: =SUM(Results!G42:G45) -> 54.6 | E5: =AVERAGE(B5:D5) -> 51.733333 | F5: =IF(E5>=80,"HD/D range",IF(E5>=70,"D range",IF(E5>=60,"C range",IF(E5>=50,"P range","At risk")))) -> P range
A6: STU0005 | B6: =SUM(Results!G46:G49) -> 73.15 | C6: =SUM(Results!G50:G52) -> 73.9 | D6: =SUM(Results!G53:G56) -> 73.75 | E6: =AVERAGE(B6:D6) -> 73.6 | F6: =IF(E6>=80,"HD/D range",IF(E6>=70,"D range",IF(E6>=60,"C range",IF(E6>=50,"P range","At risk")))) -> D range
A7: STU0006 | B7: =SUM(Results!G57:G60) -> 73.75 | C7: =SUM(Results!G61:G63) -> 73.2 | D7: =SUM(Results!G64:G67) -> 74.85 | E7: =AVERAGE(B7:D7) -> 73.933333 | F7: =IF(E7>=80,"HD/D range",IF(E7>=70,"D range",IF(E7>=60,"C range",IF(E7>=50,"P range","At risk")))) -> D range
A8: STU0007 | B8: =SUM(Results!G68:G71) -> 52.45 | C8: =SUM(Results!G72:G74) -> 56.1 | D8: =SUM(Results!G75:G78) -> 52.05 | E8: =AVERAGE(B8:D8) -> 53.533333 | F8: =IF(E8>=80,"HD/D range",IF(E8>=70,"D range",IF(E8>=60,"C range",IF(E8>=50,"P range","At risk")))) -> P range
A9: STU0008 | B9: =SUM(Results!G79:G82) -> 76.55 | C9: =SUM(Results!G83:G85) -> 79.3 | D9: =SUM(Results!G86:G89) -> 80.35 | E9: =AVERAGE(B9:D9) -> 78.733333 | F9: =IF(E9>=80,"HD/D range",IF(E9>=70,"D range",IF(E9>=60,"C range",IF(E9>=50,"P range","At risk")))) -> D range
A10: STU0009 | B10: =SUM(Results!G90:G93) -> 65.2 | C10: =SUM(Results!G94:G96) -> 68.7 | D10: =SUM(Results!G97:G100) -> 71.4 | E10: =AVERAGE(B10:D10) -> 68.433333 | F10: =IF(E10>=80,"HD/D range",IF(E10>=70,"D range",IF(E10>=60,"C range",IF(E10>=50,"P range","At risk")))) -> C range
A11: STU0010 | B11: =SUM(Results!G101:G104) -> 67.1 | C11: =SUM(Results!G105:G107) -> 66.4 | D11: =SUM(Results!G108:G111) -> 66.05 | E11: =AVERAGE(B11:D11) -> 66.516667 | F11: =IF(E11>=80,"HD/D range",IF(E11>=70,"D range",IF(E11>=60,"C range",IF(E11>=50,"P range","At risk")))) -> C range
A12: STU0011 | B12: =SUM(Results!G112:G115) -> 52.05 | C12: =SUM(Results!G116:G118) -> 55.7 | D12: =SUM(Results!G119:G122) -> 55.8 | E12: =AVERAGE(B12:D12) -> 54.516667 | F12: =IF(E12>=80,"HD/D range",IF(E12>=70,"D range",IF(E12>=60,"C range",IF(E12>=50,"P range","At risk")))) -> P range
A13: STU0012 | B13: =SUM(Results!G123:G126) -> 63.6 | C13: =SUM(Results!G127:G129) -> 70.2 | D13: =SUM(Results!G130:G133) -> 61.75 | E13: =AVERAGE(B13:D13) -> 65.183333 | F13: =IF(E13>=80,"HD/D range",IF(E13>=70,"D range",IF(E13>=60,"C range",IF(E13>=50,"P range","At risk")))) -> C range
A14: STU0013 | B14: =SUM(Results!G134:G137) -> 67.45 | C14: =SUM(Results!G138:G140) -> 61.9 | D14: =SUM(Results!G141:G144) -> 59.4 | E14: =AVERAGE(B14:D14) -> 62.916667 | F14: =IF(E14>=80,"HD/D range",IF(E14>=70,"D range",IF(E14>=60,"C range",IF(E14>=50,"P range","At risk")))) -> C range
A15: STU0014 | B15: =SUM(Results!G145:G148) -> 85.5 | C15: =SUM(Results!G149:G151) -> 77.4 | D15: =SUM(Results!G152:G155) -> 79.85 | E15: =AVERAGE(B15:D15) -> 80.916667 | F15: =IF(E15>=80,"HD/D range",IF(E15>=70,"D range",IF(E15>=60,"C range",IF(E15>=50,"P range","At risk")))) -> HD/D range
A16: STU0015 | B16: =SUM(Results!G156:G159) -> 52.25 | C16: =SUM(Results!G160:G162) -> 57.2 | D16: =SUM(Results!G163:G166) -> 54.65 | E16: =AVERAGE(B16:D16) -> 54.7 | F16: =IF(E16>=80,"HD/D range",IF(E16>=70,"D range",IF(E16>=60,"C range",IF(E16>=50,"P range","At risk")))) -> P range
A17: STU0016 | B17: =SUM(Results!G167:G170) -> 63.1 | C17: =SUM(Results!G171:G173) -> 66.6 | D17: =SUM(Results!G174:G177) -> 60.3 | E17: =AVERAGE(B17:D17) -> 63.333333 | F17: =IF(E17>=80,"HD/D range",IF(E17>=70,"D range",IF(E17>=60,"C range",IF(E17>=50,"P range","At risk")))) -> C range
A18: STU0017 | B18: =SUM(Results!G178:G181) -> 66.15 | C18: =SUM(Results!G182:G184) -> 59.1 | D18: =SUM(Results!G185:G188) -> 59.15 | E18: =AVERAGE(B18:D18) -> 61.466667 | F18: =IF(E18>=80,"HD/D range",IF(E18>=70,"D range",IF(E18>=60,"C range",IF(E18>=50,"P range","At risk")))) -> C range
A19: STU0018 | B19: =SUM(Results!G189:G192) -> 61.55 | C19: =SUM(Results!G193:G195) -> 59.4 | D19: =SUM(Results!G196:G199) -> 60.55 | E19: =AVERAGE(B19:D19) -> 60.5 | F19: =IF(E19>=80,"HD/D range",IF(E19>=70,"D range",IF(E19>=60,"C range",IF(E19>=50,"P range","At risk")))) -> C range
A20: STU0019 | B20: =SUM(Results!G200:G203) -> 70.65 | C20: =SUM(Results!G204:G206) -> 69.4 | D20: =SUM(Results!G207:G210) -> 68.9 | E20: =AVERAGE(B20:D20) -> 69.65 | F20: =IF(E20>=80,"HD/D range",IF(E20>=70,"D range",IF(E20>=60,"C range",IF(E20>=50,"P range","At risk")))) -> C range
A21: STU0020 | B21: =SUM(Results!G211:G214) -> 79 | C21: =SUM(Results!G215:G217) -> 81.5 | D21: =SUM(Results!G218:G221) -> 80.4 | E21: =AVERAGE(B21:D21) -> 80.3 | F21: =IF(E21>=80,"HD/D range",IF(E21>=70,"D range",IF(E21>=60,"C range",IF(E21>=50,"P range","At risk")))) -> HD/D range
A22: STU0021 | B22: =SUM(Results!G222:G225) -> 73.5 | C22: =SUM(Results!G226:G228) -> 70 | D22: =SUM(Results!G229:G232) -> 70.5 | E22: =AVERAGE(B22:D22) -> 71.333333 | F22: =IF(E22>=80,"HD/D range",IF(E22>=70,"D range",IF(E22>=60,"C range",IF(E22>=50,"P range","At risk")))) -> D range
A23: STU0022 | B23: =SUM(Results!G233:G236) -> 73.45 | C23: =SUM(Results!G237:G239) -> 71 | D23: =SUM(Results!G240:G243) -> 77.05 | E23: =AVERAGE(B23:D23) -> 73.833333 | F23: =IF(E23>=80,"HD/D range",IF(E23>=70,"D range",IF(E23>=60,"C range",IF(E23>=50,"P range","At risk")))) -> D range
A24: STU0023 | B24: =SUM(Results!G244:G247) -> 66.05 | C24: =SUM(Results!G248:G250) -> 60.5 | D24: =SUM(Results!G251:G254) -> 61.5 | E24: =AVERAGE(B24:D24) -> 62.683333 | F24: =IF(E24>=80,"HD/D range",IF(E24>=70,"D range",IF(E24>=60,"C range",IF(E24>=50,"P range","At risk")))) -> C range
A25: STU0024 | B25: =SUM(Results!G255:G258) -> 70.4 | C25: =SUM(Results!G259:G261) -> 71 | D25: =SUM(Results!G262:G265) -> 76.7 | E25: =AVERAGE(B25:D25) -> 72.7 | F25: =IF(E25>=80,"HD/D range",IF(E25>=70,"D range",IF(E25>=60,"C range",IF(E25>=50,"P range","At risk")))) -> D range
A26: STU0025 | B26: =SUM(Results!G266:G269) -> 81.45 | C26: =SUM(Results!G270:G272) -> 83.2 | D26: =SUM(Results!G273:G276) -> 83.15 | E26: =AVERAGE(B26:D26) -> 82.6 | F26: =IF(E26>=80,"HD/D range",IF(E26>=70,"D range",IF(E26>=60,"C range",IF(E26>=50,"P range","At risk")))) -> HD/D range
A27: STU0026 | B27: =SUM(Results!G277:G280) -> 78.3 | C27: =SUM(Results!G281:G283) -> 79.3 | D27: =SUM(Results!G284:G287) -> 80.05 | E27: =AVERAGE(B27:D27) -> 79.216667 | F27: =IF(E27>=80,"HD/D range",IF(E27>=70,"D range",IF(E27>=60,"C range",IF(E27>=50,"P range","At risk")))) -> D range
A28: STU0027 | B28: =SUM(Results!G288:G291) -> 73.5 | C28: =SUM(Results!G292:G294) -> 71 | D28: =SUM(Results!G295:G298) -> 71.3 | E28: =AVERAGE(B28:D28) -> 71.933333 | F28: =IF(E28>=80,"HD/D range",IF(E28>=70,"D range",IF(E28>=60,"C range",IF(E28>=50,"P range","At risk")))) -> D range
A29: STU0028 | B29: =SUM(Results!G299:G302) -> 72.45 | C29: =SUM(Results!G303:G305) -> 76.2 | D29: =SUM(Results!G306:G309) -> 69.5 | E29: =AVERAGE(B29:D29) -> 72.716667 | F29: =IF(E29>=80,"HD/D range",IF(E29>=70,"D range",IF(E29>=60,"C range",IF(E29>=50,"P range","At risk")))) -> D range
A30: STU0029 | B30: =SUM(Results!G310:G313) -> 59.1 | C30: =SUM(Results!G314:G316) -> 59.5 | D30: =SUM(Results!G317:G320) -> 59.45 | E30: =AVERAGE(B30:D30) -> 59.35 | F30: =IF(E30>=80,"HD/D range",IF(E30>=70,"D range",IF(E30>=60,"C range",IF(E30>=50,"P range","At risk")))) -> P range
A31: STU0030 | B31: =SUM(Results!G321:G324) -> 64.15 | C31: =SUM(Results!G325:G327) -> 63.9 | D31: =SUM(Results!G328:G331) -> 65.25 | E31: =AVERAGE(B31:D31) -> 64.433333 | F31: =IF(E31>=80,"HD/D range",IF(E31>=70,"D range",IF(E31>=60,"C range",IF(E31>=50,"P range","At risk")))) -> C range
A32: STU0031 | B32: =SUM(Results!G332:G335) -> 77.9 | C32: =SUM(Results!G336:G338) -> 87.3 | D32: =SUM(Results!G339:G342) -> 85.7 | E32: =AVERAGE(B32:D32) -> 83.633333 | F32: =IF(E32>=80,"HD/D range",IF(E32>=70,"D range",IF(E32>=60,"C range",IF(E32>=50,"P range","At risk")))) -> HD/D range
A33: STU0032 | B33: =SUM(Results!G343:G346) -> 60.7 | C33: =SUM(Results!G347:G349) -> 63.1 | D33: =SUM(Results!G350:G353) -> 65.5 | E33: =AVERAGE(B33:D33) -> 63.1 | F33: =IF(E33>=80,"HD/D range",IF(E33>=70,"D range",IF(E33>=60,"C range",IF(E33>=50,"P range","At risk")))) -> C range
A34: STU0033 | B34: =SUM(Results!G354:G357) -> 82 | C34: =SUM(Results!G358:G360) -> 81.6 | D34: =SUM(Results!G361:G364) -> 82.3 | E34: =AVERAGE(B34:D34) -> 81.966667 | F34: =IF(E34>=80,"HD/D range",IF(E34>=70,"D range",IF(E34>=60,"C range",IF(E34>=50,"P range","At risk")))) -> HD/D range
A35: STU0034 | B35: =SUM(Results!G365:G368) -> 72.35 | C35: =SUM(Results!G369:G371) -> 68 | D35: =SUM(Results!G372:G375) -> 65.35 | E35: =AVERAGE(B35:D35) -> 68.566667 | F35: =IF(E35>=80,"HD/D range",IF(E35>=70,"D range",IF(E35>=60,"C range",IF(E35>=50,"P range","At risk")))) -> C range
A36: STU0035 | B36: =SUM(Results!G376:G379) -> 58.55 | C36: =SUM(Results!G380:G382) -> 56.9 | D36: =SUM(Results!G383:G386) -> 51.85 | E36: =AVERAGE(B36:D36) -> 55.766667 | F36: =IF(E36>=80,"HD/D range",IF(E36>=70,"D range",IF(E36>=60,"C range",IF(E36>=50,"P range","At risk")))) -> P range
A37: STU0036 | B37: =SUM(Results!G387:G390) -> 57.7 | C37: =SUM(Results!G391:G393) -> 64.3 | D37: =SUM(Results!G394:G397) -> 59.95 | E37: =AVERAGE(B37:D37) -> 60.65 | F37: =IF(E37>=80,"HD/D range",IF(E37>=70,"D range",IF(E37>=60,"C range",IF(E37>=50,"P range","At risk")))) -> C range
A38: STU0037 | B38: =SUM(Results!G398:G401) -> 54.35 | C38: =SUM(Results!G402:G404) -> 51.4 | D38: =SUM(Results!G405:G408) -> 50.7 | E38: =AVERAGE(B38:D38) -> 52.15 | F38: =IF(E38>=80,"HD/D range",IF(E38>=70,"D range",IF(E38>=60,"C range",IF(E38>=50,"P range","At risk")))) -> P range
A39: STU0038 | B39: =SUM(Results!G409:G412) -> 62.35 | C39: =SUM(Results!G413:G415) -> 63 | D39: =SUM(Results!G416:G419) -> 57.75 | E39: =AVERAGE(B39:D39) -> 61.033333 | F39: =IF(E39>=80,"HD/D range",IF(E39>=70,"D range",IF(E39>=60,"C range",IF(E39>=50,"P range","At risk")))) -> C range
A40: STU0039 | B40: =SUM(Results!G420:G423) -> 61 | C40: =SUM(Results!G424:G426) -> 59.5 | D40: =SUM(Results!G427:G430) -> 62.2 | E40: =AVERAGE(B40:D40) -> 60.9 | F40: =IF(E40>=80,"HD/D range",IF(E40>=70,"D range",IF(E40>=60,"C range",IF(E40>=50,"P range","At risk")))) -> C range
A41: STU0040 | B41: =SUM(Results!G431:G434) -> 61.85 | C41: =SUM(Results!G435:G437) -> 62.9 | D41: =SUM(Results!G438:G441) -> 60.7 | E41: =AVERAGE(B41:D41) -> 61.816667 | F41: =IF(E41>=80,"HD/D range",IF(E41>=70,"D range",IF(E41>=60,"C range",IF(E41>=50,"P range","At risk")))) -> C range
A42: STU0041 | B42: =SUM(Results!G442:G445) -> 69.1 | C42: =SUM(Results!G446:G448) -> 67.4 | D42: =SUM(Results!G449:G452) -> 70.8 | E42: =AVERAGE(B42:D42) -> 69.1 | F42: =IF(E42>=80,"HD/D range",IF(E42>=70,"D range",IF(E42>=60,"C range",IF(E42>=50,"P range","At risk")))) -> C range
A43: STU0042 | B43: =SUM(Results!G453:G456) -> 67.7 | C43: =SUM(Results!G457:G459) -> 67.4 | D43: =SUM(Results!G460:G463) -> 71.6 | E43: =AVERAGE(B43:D43) -> 68.9 | F43: =IF(E43>=80,"HD/D range",IF(E43>=70,"D range",IF(E43>=60,"C range",IF(E43>=50,"P range","At risk")))) -> C range
A44: STU0043 | B44: =SUM(Results!G464:G467) -> 87 | C44: =SUM(Results!G468:G470) -> 88.1 | D44: =SUM(Results!G471:G474) -> 82.35 | E44: =AVERAGE(B44:D44) -> 85.816667 | F44: =IF(E44>=80,"HD/D range",IF(E44>=70,"D range",IF(E44>=60,"C range",IF(E44>=50,"P range","At risk")))) -> HD/D range
A45: STU0044 | B45: =SUM(Results!G475:G478) -> 74.55 | C45: =SUM(Results!G479:G481) -> 80.3 | D45: =SUM(Results!G482:G485) -> 75.65 | E45: =AVERAGE(B45:D45) -> 76.833333 | F45: =IF(E45>=80,"HD/D range",IF(E45>=70,"D range",IF(E45>=60,"C range",IF(E45>=50,"P range","At risk")))) -> D range
A46: STU0045 | B46: =SUM(Results!G486:G489) -> 84.05 | C46: =SUM(Results!G490:G492) -> 85 | D46: =SUM(Results!G493:G496) -> 86.3 | E46: =AVERAGE(B46:D46) -> 85.116667 | F46: =IF(E46>=80,"HD/D range",IF(E46>=70,"D range",IF(E46>=60,"C range",IF(E46>=50,"P range","At risk")))) -> HD/D range
A47: STU0046 | B47: =SUM(Results!G497:G500) -> 78.2 | C47: =SUM(Results!G501:G503) -> 78.1 | D47: =SUM(Results!G504:G507) -> 78.45 | E47: =AVERAGE(B47:D47) -> 78.25 | F47: =IF(E47>=80,"HD/D range",IF(E47>=70,"D range",IF(E47>=60,"C range",IF(E47>=50,"P range","At risk")))) -> D range
A48: STU0047 | B48: =SUM(Results!G508:G511) -> 70.55 | C48: =SUM(Results!G512:G514) -> 73.6 | D48: =SUM(Results!G515:G518) -> 71.7 | E48: =AVERAGE(B48:D48) -> 71.95 | F48: =IF(E48>=80,"HD/D range",IF(E48>=70,"D range",IF(E48>=60,"C range",IF(E48>=50,"P range","At risk")))) -> D range
A49: STU0048 | B49: =SUM(Results!G519:G522) -> 77.45 | C49: =SUM(Results!G523:G525) -> 73.2 | D49: =SUM(Results!G526:G529) -> 77.1 | E49: =AVERAGE(B49:D49) -> 75.916667 | F49: =IF(E49>=80,"HD/D range",IF(E49>=70,"D range",IF(E49>=60,"C range",IF(E49>=50,"P range","At risk")))) -> D range
A50: STU0049 | B50: =SUM(Results!G530:G533) -> 52.1 | C50: =SUM(Results!G534:G536) -> 50.6 | D50: =SUM(Results!G537:G540) -> 50.65 | E50: =AVERAGE(B50:D50) -> 51.116667 | F50: =IF(E50>=80,"HD/D range",IF(E50>=70,"D range",IF(E50>=60,"C range",IF(E50>=50,"P range","At risk")))) -> P range
A51: STU0050 | B51: =SUM(Results!G541:G544) -> 58.45 | C51: =SUM(Results!G545:G547) -> 59.4 | D51: =SUM(Results!G548:G551) -> 58.65 | E51: =AVERAGE(B51:D51) -> 58.833333 | F51: =IF(E51>=80,"HD/D range",IF(E51>=70,"D range",IF(E51>=60,"C range",IF(E51>=50,"P range","At risk")))) -> P range
A52: STU0051 | B52: =SUM(Results!G552:G555) -> 77.15 | C52: =SUM(Results!G556:G558) -> 81.6 | D52: =SUM(Results!G559:G562) -> 80 | E52: =AVERAGE(B52:D52) -> 79.583333 | F52: =IF(E52>=80,"HD/D range",IF(E52>=70,"D range",IF(E52>=60,"C range",IF(E52>=50,"P range","At risk")))) -> D range
A53: STU0052 | B53: =SUM(Results!G563:G566) -> 68.35 | C53: =SUM(Results!G567:G569) -> 69.7 | D53: =SUM(Results!G570:G573) -> 70.9 | E53: =AVERAGE(B53:D53) -> 69.65 | F53: =IF(E53>=80,"HD/D range",IF(E53>=70,"D range",IF(E53>=60,"C range",IF(E53>=50,"P range","At risk")))) -> C range
A54: STU0053 | B54: =SUM(Results!G574:G577) -> 81.05 | C54: =SUM(Results!G578:G580) -> 78.9 | D54: =SUM(Results!G581:G584) -> 77.65 | E54: =AVERAGE(B54:D54) -> 79.2 | F54: =IF(E54>=80,"HD/D range",IF(E54>=70,"D range",IF(E54>=60,"C range",IF(E54>=50,"P range","At risk")))) -> D range
A55: STU0054 | B55: =SUM(Results!G585:G588) -> 47.75 | C55: =SUM(Results!G589:G591) -> 43.2 | D55: =SUM(Results!G592:G595) -> 44.85 | E55: =AVERAGE(B55:D55) -> 45.266667 | F55: =IF(E55>=80,"HD/D range",IF(E55>=70,"D range",IF(E55>=60,"C range",IF(E55>=50,"P range","At risk")))) -> At risk
A56: STU0055 | B56: =SUM(Results!G596:G599) -> 72.85 | C56: =SUM(Results!G600:G602) -> 72.8 | D56: =SUM(Results!G603:G606) -> 74.9 | E56: =AVERAGE(B56:D56) -> 73.516667 | F56: =IF(E56>=80,"HD/D range",IF(E56>=70,"D range",IF(E56>=60,"C range",IF(E56>=50,"P range","At risk")))) -> D range
A57: STU0056 | B57: =SUM(Results!G607:G610) -> 78.25 | C57: =SUM(Results!G611:G613) -> 82.2 | D57: =SUM(Results!G614:G617) -> 81.65 | E57: =AVERAGE(B57:D57) -> 80.7 | F57: =IF(E57>=80,"HD/D range",IF(E57>=70,"D range",IF(E57>=60,"C range",IF(E57>=50,"P range","At risk")))) -> HD/D range
A58: STU0057 | B58: =SUM(Results!G618:G621) -> 74.8 | C58: =SUM(Results!G622:G624) -> 73.7 | D58: =SUM(Results!G625:G628) -> 72.45 | E58: =AVERAGE(B58:D58) -> 73.65 | F58: =IF(E58>=80,"HD/D range",IF(E58>=70,"D range",IF(E58>=60,"C range",IF(E58>=50,"P range","At risk")))) -> D range
A59: STU0058 | B59: =SUM(Results!G629:G632) -> 84.9 | C59: =SUM(Results!G633:G635) -> 78.9 | D59: =SUM(Results!G636:G639) -> 82.1 | E59: =AVERAGE(B59:D59) -> 81.966667 | F59: =IF(E59>=80,"HD/D range",IF(E59>=70,"D range",IF(E59>=60,"C range",IF(E59>=50,"P range","At risk")))) -> HD/D range
A60: STU0059 | B60: =SUM(Results!G640:G643) -> 61.95 | C60: =SUM(Results!G644:G646) -> 53.4 | D60: =SUM(Results!G647:G650) -> 53.25 | E60: =AVERAGE(B60:D60) -> 56.2 | F60: =IF(E60>=80,"HD/D range",IF(E60>=70,"D range",IF(E60>=60,"C range",IF(E60>=50,"P range","At risk")))) -> P range
A61: STU0060 | B61: =SUM(Results!G651:G654) -> 69.45 | C61: =SUM(Results!G655:G657) -> 66.8 | D61: =SUM(Results!G658:G661) -> 69.35 | E61: =AVERAGE(B61:D61) -> 68.533333 | F61: =IF(E61>=80,"HD/D range",IF(E61>=70,"D range",IF(E61>=60,"C range",IF(E61>=50,"P range","At risk")))) -> C range
A62: STU0061 | B62: =SUM(Results!G662:G665) -> 47.85 | C62: =SUM(Results!G666:G668) -> 54 | D62: =SUM(Results!G669:G672) -> 48.35 | E62: =AVERAGE(B62:D62) -> 50.066667 | F62: =IF(E62>=80,"HD/D range",IF(E62>=70,"D range",IF(E62>=60,"C range",IF(E62>=50,"P range","At risk")))) -> P range
A63: STU0062 | B63: =SUM(Results!G673:G676) -> 62.65 | C63: =SUM(Results!G677:G679) -> 62.9 | D63: =SUM(Results!G680:G683) -> 62.7 | E63: =AVERAGE(B63:D63) -> 62.75 | F63: =IF(E63>=80,"HD/D range",IF(E63>=70,"D range",IF(E63>=60,"C range",IF(E63>=50,"P range","At risk")))) -> C range
A64: STU0063 | B64: =SUM(Results!G684:G687) -> 91.35 | C64: =SUM(Results!G688:G690) -> 94.6 | D64: =SUM(Results!G691:G694) -> 94 | E64: =AVERAGE(B64:D64) -> 93.316667 | F64: =IF(E64>=80,"HD/D range",IF(E64>=70,"D range",IF(E64>=60,"C range",IF(E64>=50,"P range","At risk")))) -> HD/D range
A65: STU0064 | B65: =SUM(Results!G695:G698) -> 52.2 | C65: =SUM(Results!G699:G701) -> 57.9 | D65: =SUM(Results!G702:G705) -> 53.8 | E65: =AVERAGE(B65:D65) -> 54.633333 | F65: =IF(E65>=80,"HD/D range",IF(E65>=70,"D range",IF(E65>=60,"C range",IF(E65>=50,"P range","At risk")))) -> P range
A66: STU0065 | B66: =SUM(Results!G706:G709) -> 66.55 | C66: =SUM(Results!G710:G712) -> 64.7 | D66: =SUM(Results!G713:G716) -> 61.8 | E66: =AVERAGE(B66:D66) -> 64.35 | F66: =IF(E66>=80,"HD/D range",IF(E66>=70,"D range",IF(E66>=60,"C range",IF(E66>=50,"P range","At risk")))) -> C range
A67: STU0066 | B67: =SUM(Results!G717:G720) -> 56.85 | C67: =SUM(Results!G721:G723) -> 57.9 | D67: =SUM(Results!G724:G727) -> 54.3 | E67: =AVERAGE(B67:D67) -> 56.35 | F67: =IF(E67>=80,"HD/D range",IF(E67>=70,"D range",IF(E67>=60,"C range",IF(E67>=50,"P range","At risk")))) -> P range
A68: STU0067 | B68: =SUM(Results!G728:G731) -> 42.6 | C68: =SUM(Results!G732:G734) -> 39.6 | D68: =SUM(Results!G735:G738) -> 45.8 | E68: =AVERAGE(B68:D68) -> 42.666667 | F68: =IF(E68>=80,"HD/D range",IF(E68>=70,"D range",IF(E68>=60,"C range",IF(E68>=50,"P range","At risk")))) -> At risk
A69: STU0068 | B69: =SUM(Results!G739:G742) -> 81.05 | C69: =SUM(Results!G743:G745) -> 88.5 | D69: =SUM(Results!G746:G749) -> 83.6 | E69: =AVERAGE(B69:D69) -> 84.383333 | F69: =IF(E69>=80,"HD/D range",IF(E69>=70,"D range",IF(E69>=60,"C range",IF(E69>=50,"P range","At risk")))) -> HD/D range
A70: STU0069 | B70: =SUM(Results!G750:G753) -> 45.85 | C70: =SUM(Results!G754:G756) -> 52.1 | D70: =SUM(Results!G757:G760) -> 50.3 | E70: =AVERAGE(B70:D70) -> 49.416667 | F70: =IF(E70>=80,"HD/D range",IF(E70>=70,"D range",IF(E70>=60,"C range",IF(E70>=50,"P range","At risk")))) -> At risk
A71: STU0070 | B71: =SUM(Results!G761:G764) -> 74.9 | C71: =SUM(Results!G765:G767) -> 74.1 | D71: =SUM(Results!G768:G771) -> 75.1 | E71: =AVERAGE(B71:D71) -> 74.7 | F71: =IF(E71>=80,"HD/D range",IF(E71>=70,"D range",IF(E71>=60,"C range",IF(E71>=50,"P range","At risk")))) -> D range
A72: STU0071 | B72: =SUM(Results!G772:G775) -> 66.9 | C72: =SUM(Results!G776:G778) -> 60.6 | D72: =SUM(Results!G779:G782) -> 68 | E72: =AVERAGE(B72:D72) -> 65.166667 | F72: =IF(E72>=80,"HD/D range",IF(E72>=70,"D range",IF(E72>=60,"C range",IF(E72>=50,"P range","At risk")))) -> C range
A73: STU0072 | B73: =SUM(Results!G783:G786) -> 77.55 | C73: =SUM(Results!G787:G789) -> 73.2 | D73: =SUM(Results!G790:G793) -> 73.25 | E73: =AVERAGE(B73:D73) -> 74.666667 | F73: =IF(E73>=80,"HD/D range",IF(E73>=70,"D range",IF(E73>=60,"C range",IF(E73>=50,"P range","At risk")))) -> D range
A74: STU0073 | B74: =SUM(Results!G794:G797) -> 73.6 | C74: =SUM(Results!G798:G800) -> 70.8 | D74: =SUM(Results!G801:G804) -> 71.55 | E74: =AVERAGE(B74:D74) -> 71.983333 | F74: =IF(E74>=80,"HD/D range",IF(E74>=70,"D range",IF(E74>=60,"C range",IF(E74>=50,"P range","At risk")))) -> D range
A75: STU0074 | B75: =SUM(Results!G805:G808) -> 49.55 | C75: =SUM(Results!G809:G811) -> 55.2 | D75: =SUM(Results!G812:G815) -> 49 | E75: =AVERAGE(B75:D75) -> 51.25 | F75: =IF(E75>=80,"HD/D range",IF(E75>=70,"D range",IF(E75>=60,"C range",IF(E75>=50,"P range","At risk")))) -> P range
A76: STU0075 | B76: =SUM(Results!G816:G819) -> 72.15 | C76: =SUM(Results!G820:G822) -> 73.7 | D76: =SUM(Results!G823:G826) -> 79.05 | E76: =AVERAGE(B76:D76) -> 74.966667 | F76: =IF(E76>=80,"HD/D range",IF(E76>=70,"D range",IF(E76>=60,"C range",IF(E76>=50,"P range","At risk")))) -> D range
A77: STU0076 | B77: =SUM(Results!G827:G830) -> 68.4 | C77: =SUM(Results!G831:G833) -> 68.2 | D77: =SUM(Results!G834:G837) -> 71.05 | E77: =AVERAGE(B77:D77) -> 69.216667 | F77: =IF(E77>=80,"HD/D range",IF(E77>=70,"D range",IF(E77>=60,"C range",IF(E77>=50,"P range","At risk")))) -> C range
A78: STU0077 | B78: =SUM(Results!G838:G841) -> 69.05 | C78: =SUM(Results!G842:G844) -> 69.5 | D78: =SUM(Results!G845:G848) -> 73.7 | E78: =AVERAGE(B78:D78) -> 70.75 | F78: =IF(E78>=80,"HD/D range",IF(E78>=70,"D range",IF(E78>=60,"C range",IF(E78>=50,"P range","At risk")))) -> D range
A79: STU0078 | B79: =SUM(Results!G849:G852) -> 71.9 | C79: =SUM(Results!G853:G855) -> 74.3 | D79: =SUM(Results!G856:G859) -> 79 | E79: =AVERAGE(B79:D79) -> 75.066667 | F79: =IF(E79>=80,"HD/D range",IF(E79>=70,"D range",IF(E79>=60,"C range",IF(E79>=50,"P range","At risk")))) -> D range
A80: STU0079 | B80: =SUM(Results!G860:G863) -> 64.7 | C80: =SUM(Results!G864:G866) -> 68 | D80: =SUM(Results!G867:G870) -> 69.6 | E80: =AVERAGE(B80:D80) -> 67.433333 | F80: =IF(E80>=80,"HD/D range",IF(E80>=70,"D range",IF(E80>=60,"C range",IF(E80>=50,"P range","At risk")))) -> C range
A81: STU0080 | B81: =SUM(Results!G871:G874) -> 47.1 | C81: =SUM(Results!G875:G877) -> 51.6 | D81: =SUM(Results!G878:G881) -> 48 | E81: =AVERAGE(B81:D81) -> 48.9 | F81: =IF(E81>=80,"HD/D range",IF(E81>=70,"D range",IF(E81>=60,"C range",IF(E81>=50,"P range","At risk")))) -> At risk
A82: STU0081 | B82: =SUM(Results!G882:G885) -> 84.8 | C82: =SUM(Results!G886:G888) -> 78.1 | D82: =SUM(Results!G889:G892) -> 83.45 | E82: =AVERAGE(B82:D82) -> 82.116667 | F82: =IF(E82>=80,"HD/D range",IF(E82>=70,"D range",IF(E82>=60,"C range",IF(E82>=50,"P range","At risk")))) -> HD/D range
A83: STU0082 | B83: =SUM(Results!G893:G896) -> 61.85 | C83: =SUM(Results!G897:G899) -> 52 | D83: =SUM(Results!G900:G903) -> 56.7 | E83: =AVERAGE(B83:D83) -> 56.85 | F83: =IF(E83>=80,"HD/D range",IF(E83>=70,"D range",IF(E83>=60,"C range",IF(E83>=50,"P range","At risk")))) -> P range
A84: STU0083 | B84: =SUM(Results!G904:G907) -> 49.7 | C84: =SUM(Results!G908:G910) -> 55.1 | D84: =SUM(Results!G911:G914) -> 55.7 | E84: =AVERAGE(B84:D84) -> 53.5 | F84: =IF(E84>=80,"HD/D range",IF(E84>=70,"D range",IF(E84>=60,"C range",IF(E84>=50,"P range","At risk")))) -> P range
A85: STU0084 | B85: =SUM(Results!G915:G918) -> 46.6 | C85: =SUM(Results!G919:G921) -> 47.4 | D85: =SUM(Results!G922:G925) -> 47.4 | E85: =AVERAGE(B85:D85) -> 47.133333 | F85: =IF(E85>=80,"HD/D range",IF(E85>=70,"D range",IF(E85>=60,"C range",IF(E85>=50,"P range","At risk")))) -> At risk
A86: STU0085 | B86: =SUM(Results!G926:G929) -> 65.4 | C86: =SUM(Results!G930:G932) -> 61.9 | D86: =SUM(Results!G933:G936) -> 66.85 | E86: =AVERAGE(B86:D86) -> 64.716667 | F86: =IF(E86>=80,"HD/D range",IF(E86>=70,"D range",IF(E86>=60,"C range",IF(E86>=50,"P range","At risk")))) -> C range
A87: STU0086 | B87: =SUM(Results!G937:G940) -> 84.25 | C87: =SUM(Results!G941:G943) -> 77 | D87: =SUM(Results!G944:G947) -> 80.55 | E87: =AVERAGE(B87:D87) -> 80.6 | F87: =IF(E87>=80,"HD/D range",IF(E87>=70,"D range",IF(E87>=60,"C range",IF(E87>=50,"P range","At risk")))) -> HD/D range
A88: STU0087 | B88: =SUM(Results!G948:G951) -> 57.25 | C88: =SUM(Results!G952:G954) -> 59.5 | D88: =SUM(Results!G955:G958) -> 62.3 | E88: =AVERAGE(B88:D88) -> 59.683333 | F88: =IF(E88>=80,"HD/D range",IF(E88>=70,"D range",IF(E88>=60,"C range",IF(E88>=50,"P range","At risk")))) -> P range
A89: STU0088 | B89: =SUM(Results!G959:G962) -> 75.3 | C89: =SUM(Results!G963:G965) -> 73.6 | D89: =SUM(Results!G966:G969) -> 71.55 | E89: =AVERAGE(B89:D89) -> 73.483333 | F89: =IF(E89>=80,"HD/D range",IF(E89>=70,"D range",IF(E89>=60,"C range",IF(E89>=50,"P range","At risk")))) -> D range
A90: STU0089 | B90: =SUM(Results!G970:G973) -> 68 | C90: =SUM(Results!G974:G976) -> 62.5 | D90: =SUM(Results!G977:G980) -> 66.7 | E90: =AVERAGE(B90:D90) -> 65.733333 | F90: =IF(E90>=80,"HD/D range",IF(E90>=70,"D range",IF(E90>=60,"C range",IF(E90>=50,"P range","At risk")))) -> C range
A91: STU0090 | B91: =SUM(Results!G981:G984) -> 67.25 | C91: =SUM(Results!G985:G987) -> 71.2 | D91: =SUM(Results!G988:G991) -> 67.3 | E91: =AVERAGE(B91:D91) -> 68.583333 | F91: =IF(E91>=80,"HD/D range",IF(E91>=70,"D range",IF(E91>=60,"C range",IF(E91>=50,"P range","At risk")))) -> C range
A92: STU0091 | B92: =SUM(Results!G992:G995) -> 78.35 | C92: =SUM(Results!G996:G998) -> 81.1 | D92: =SUM(Results!G999:G1002) -> 80.85 | E92: =AVERAGE(B92:D92) -> 80.1 | F92: =IF(E92>=80,"HD/D range",IF(E92>=70,"D range",IF(E92>=60,"C range",IF(E92>=50,"P range","At risk")))) -> HD/D range
A93: STU0092 | B93: =SUM(Results!G1003:G1006) -> 62.6 | C93: =SUM(Results!G1007:G1009) -> 61.1 | D93: =SUM(Results!G1010:G1013) -> 62.25 | E93: =AVERAGE(B93:D93) -> 61.983333 | F93: =IF(E93>=80,"HD/D range",IF(E93>=70,"D range",IF(E93>=60,"C range",IF(E93>=50,"P range","At risk")))) -> C range
A94: STU0093 | B94: =SUM(Results!G1014:G1017) -> 63.8 | C94: =SUM(Results!G1018:G1020) -> 64.3 | D94: =SUM(Results!G1021:G1024) -> 65.75 | E94: =AVERAGE(B94:D94) -> 64.616667 | F94: =IF(E94>=80,"HD/D range",IF(E94>=70,"D range",IF(E94>=60,"C range",IF(E94>=50,"P range","At risk")))) -> C range
A95: STU0094 | B95: =SUM(Results!G1025:G1028) -> 65.8 | C95: =SUM(Results!G1029:G1031) -> 65 | D95: =SUM(Results!G1032:G1035) -> 62.75 | E95: =AVERAGE(B95:D95) -> 64.516667 | F95: =IF(E95>=80,"HD/D range",IF(E95>=70,"D range",IF(E95>=60,"C range",IF(E95>=50,"P range","At risk")))) -> C range
A96: STU0095 | B96: =SUM(Results!G1036:G1039) -> 58.1 | C96: =SUM(Results!G1040:G1042) -> 61.4 | D96: =SUM(Results!G1043:G1046) -> 61.75 | E96: =AVERAGE(B96:D96) -> 60.416667 | F96: =IF(E96>=80,"HD/D range",IF(E96>=70,"D range",IF(E96>=60,"C range",IF(E96>=50,"P range","At risk")))) -> C range
A97: STU0096 | B97: =SUM(Results!G1047:G1050) -> 56.55 | C97: =SUM(Results!G1051:G1053) -> 58.3 | D97: =SUM(Results!G1054:G1057) -> 56.85 | E97: =AVERAGE(B97:D97) -> 57.233333 | F97: =IF(E97>=80,"HD/D range",IF(E97>=70,"D range",IF(E97>=60,"C range",IF(E97>=50,"P range","At risk")))) -> P range
A98: STU0097 | B98: =SUM(Results!G1058:G1061) -> 73.45 | C98: =SUM(Results!G1062:G1064) -> 75.9 | D98: =SUM(Results!G1065:G1068) -> 76.7 | E98: =AVERAGE(B98:D98) -> 75.35 | F98: =IF(E98>=80,"HD/D range",IF(E98>=70,"D range",IF(E98>=60,"C range",IF(E98>=50,"P range","At risk")))) -> D range
A99: STU0098 | B99: =SUM(Results!G1069:G1072) -> 81 | C99: =SUM(Results!G1073:G1075) -> 75 | D99: =SUM(Results!G1076:G1079) -> 82.55 | E99: =AVERAGE(B99:D99) -> 79.516667 | F99: =IF(E99>=80,"HD/D range",IF(E99>=70,"D range",IF(E99>=60,"C range",IF(E99>=50,"P range","At risk")))) -> D range
A100: STU0099 | B100: =SUM(Results!G1080:G1083) -> 63.1 | C100: =SUM(Results!G1084:G1086) -> 62.1 | D100: =SUM(Results!G1087:G1090) -> 59.6 | E100: =AVERAGE(B100:D100) -> 61.6 | F100: =IF(E100>=80,"HD/D range",IF(E100>=70,"D range",IF(E100>=60,"C range",IF(E100>=50,"P range","At risk")))) -> C range
...

Sheet Assessment Map
A1: Subject Code | B1: Assessment Type | C1: Weight | D1: Contribution | E1: Early Assessment | F1: Hurdle | G1: SILOs | H1: SILO Theme Summary
A2: CSE1OOF | B2: CSE1OOF - Test | C2: 0.15 | D2: Individual | E2: Yes | F2: No | G2: SILO1, SILO2 | H2: SILO1: analysis/design/implementation compared with object-oriented modelling using objects that combine data structure and behaviour; SILO2: abstract data types and encapsulation to localise and minimise change
A3: CSE1OOF | B3: CSE1OOF - Practical demonstration | C3: 0.2 | D3: Individual | E3: No | F3: No | G3: SILO2, SILO3, SILO4 | H3: SILO2: abstract data types and encapsulation to localise and minimise change; SILO3: code sharing and reuse through object-oriented techniques to reduce development time; SILO4: object-oriented design and implementation of computer programs for real-life problems
A4: CSE1OOF | B4: CSE1OOF - Assignment | C4: 0.25 | D4: Individual | E4: No | F4: No | G4: SILO2, SILO3, SILO4 | H4: SILO2: abstract data types and encapsulation to localise and minimise change; SILO3: code sharing and reuse through object-oriented techniques to reduce development time; SILO4: object-oriented design and implementation of computer programs for real-life problems
A5: CSE1OOF | B5: CSE1OOF - Central examination | C5: 0.4 | D5: Individual | E5: No | F5: No | G5: SILO2, SILO4, SILO3, SILO1 | H5: SILO2: abstract data types and encapsulation to localise and minimise change; SILO4: object-oriented design and implementation of computer programs for real-life problems; SILO3: code sharing and reuse through object-oriented techniques to reduce development time; SILO1: analysis/design/implementation compared with object-oriented modelling using objects that combine data structure and behaviour
A6: CSE2ALG | B6: CSE2ALG - Test | C6: 0.2 | D6: Individual | E6: Yes | F6: No | G6: SILO1, SILO2, SILO3 | H6: SILO1: overall objectives of Algorithms and Data Structures; SILO2: identifying data structures and searching and sorting algorithms in computing contexts; SILO3: implementing data structures and searching and sorting algorithms in Java
A7: CSE2ALG | B7: CSE2ALG - Assignment | C7: 0.3 | D7: Individual | E7: No | F7: No | G7: SILO2, SILO3, SILO4, SILO5 | H7: SILO2: identifying data structures and searching and sorting algorithms in computing contexts; SILO3: implementing data structures and searching and sorting algorithms in Java; SILO4: comparing algorithms and data structures and applying suitable choices to problems; SILO5: designing, implementing, and evaluating Java solutions using appropriate performance measures
A8: CSE2ALG | B8: CSE2ALG - Central examination | C8: 0.5 | D8: Individual | E8: No | F8: No | G8: SILO1, SILO2, SILO3, SILO5 | H8: SILO1: overall objectives of Algorithms and Data Structures; SILO2: identifying data structures and searching and sorting algorithms in computing contexts; SILO3: implementing data structures and searching and sorting algorithms in Java; SILO5: designing, implementing, and evaluating Java solutions using appropriate performance measures
A9: CSE3CAP | B9: CSE3CAP - Oral presentation: Project Milestone Presentation | C9: 0.1 | D9: Group | E9: Yes | F9: No | G9: SILO3 | H9: SILO3: reporting project outcomes to technical and non-technical audiences and reflecting on feedback
A10: CSE3CAP | B10: CSE3CAP - Oral presentation: Final Project Presentation | C10: 0.2 | D10: Group | E10: No | F10: No | G10: SILO3 | H10: SILO3: reporting project outcomes to technical and non-technical audiences and reflecting on feedback
A11: CSE3CAP | B11: CSE3CAP - Assignment: Final written Project Report | C11: 0.35 | D11: Combined | E11: No | F11: No | G11: SILO2, SILO4 | H11: SILO2: industry standard technical solutions in software or cybersecurity practice; SILO4: professional system documentation and advanced technical reporting to industry standards
A12: CSE3CAP | B12: CSE3CAP - Assignment: Sprint Project management reports | C12: 0.35 | D12: Individual | E12: No | F12: No | G12: SILO1, SILO2 | H12: SILO1: advanced project management during substantive development implementation; SILO2: industry standard technical solutions in software or cybersecurity practice
